{
    "accuracy": 0.50775,
    "f1_score": 0.5249698431845596,
    "roc_auc": 0.5019371835998039,
    "confusion_matrix": [
        [
            943,
            1046
        ],
        [
            923,
            1088
        ]
    ],
    "classification_report": {
        "0": {
            "precision": 0.5053590568060021,
            "recall": 0.47410759175465056,
            "f1-score": 0.48923476005188066,
            "support": 1989.0
        },
        "1": {
            "precision": 0.5098406747891284,
            "recall": 0.5410243659870712,
            "f1-score": 0.5249698431845596,
            "support": 2011.0
        },
        "accuracy": 0.50775,
        "macro avg": {
            "precision": 0.5075998657975653,
            "recall": 0.5075659788708609,
            "f1-score": 0.5071023016182201,
            "support": 4000.0
        },
        "weighted avg": {
            "precision": 0.5076121902470189,
            "recall": 0.50775,
            "f1-score": 0.507200573096835,
            "support": 4000.0
        }
    }
}